question_id,transcript_id,question,question_type,label,prediction,correct,gold_start,gold_end,pred_start,pred_end,tiou
sample_4_yes_q03,sample_4,Did the patient attend for an annual asthma follow-up?,positive,1,1,1,21.62,26.24,22.66,26.43,0.7442827442827441
sample_4_yes_q07,sample_4,Is the heart examination without abnormal findings?,positive,1,1,1,43.5,44.98,40.980000000000004,44.48,0.24499999999999966
sample_4_yes_q06,sample_4,Was the patient listened to with a stethoscope?,positive,1,1,1,28.520000000000003,42.72,28.37,30.37,0.12891986062717756
sample_4_yes_q05,sample_4,Were the lungs found to be normal on auscultation?,positive,1,1,1,40.68,44.98,33.85,35.85,0.0
sample_4_yes_q02,sample_4,Are the patient's asthma findings stable at this visit?,positive,1,1,1,51.48,54.4,51.42,53.42,0.6510067114093983
sample_4_hard_no_q01,sample_4,Should the asthma medication dose be increased?,hard_negative,0,0,1,,,24.990000000000002,26.990000000000002,
sample_4_yes_q01,sample_4,Will the current treatment continue unchanged?,positive,1,1,1,55.64,61.64,55.57,57.57,0.3179571663920922
sample_4_yes_q04,sample_4,Does the visit concern asthma?,positive,1,1,1,24.88,26.24,24.990000000000002,26.990000000000002,0.5924170616113719
sample_4_off_topic_q01,sample_4,Is there any discussion about cooking?,off_topic,0,0,1,,,0.0,1.5699999999999998,
sample_4_hard_no_q02,sample_4,Has an irregular heart rhythm been found?,hard_negative,0,0,1,,,29.7,31.7,
sample_5_yes_q01,sample_5,Does the patient take pantoprazole for reflux?,positive,1,1,1,47.08,52.84,48.38,52.66,0.7430555555555539
sample_5_hard_no_q02,sample_5,Did the back pain begin after surgery for a lumbar disc prolapse?,hard_negative,0,0,1,,,26.65,32.65,
sample_5_hard_no_q01,sample_5,Have the pains in the hands been attributed to gout?,hard_negative,0,0,1,,,113.69,119.69,
sample_5_yes_q05,sample_5,Is the patient still in pain despite regular Ibumetin and Panodil?,positive,1,1,1,36.42,41.58,36.18,42.18,0.8599999999999994
sample_5_yes_q02,sample_5,Will the NSAID treatment be continued under cover of a proton pump inhibitor?,positive,1,1,1,142.44,147.88,117.83,119.83,0.0
sample_5_yes_q06,sample_5,Did the patient undergo surgery for a cervical disc prolapse in 2017?,positive,1,1,1,32.06,34.98,31.74,35.08,0.8742514970059865
sample_5_off_topic_q02,sample_5,Does the conversation mention the patient owning a digital camera?,off_topic,0,0,1,,,0.0,1.16,
sample_5_yes_q03,sample_5,Was muscle tension found in the neck and shoulders?,positive,1,1,1,102.68,105.42,102.88000000000001,105.64,0.8581081081081072
sample_5_yes_q04,sample_5,Are the menopausal symptoms treated with Activelle?,positive,1,1,1,70.44,73.82,70.09,72.09,0.44235924932976145
sample_5_off_topic_q01,sample_5,Is the patient discussing owning a cat?,off_topic,0,0,1,,,0.0,1.16,
sample_6_yes_q03,sample_6,Was the patient's voice noted to sound congested?,positive,1,1,1,24.4,26.34,24.61,26.61,0.7828054298642533
sample_6_hard_no_q02,sample_6,Should the fungal infection be treated with Brentan gel?,hard_negative,0,0,1,,,34.17,39.11,
sample_6_off_topic_q01,sample_6,Does the patient talk about needing a new vehicle for their daily commute?,off_topic,0,0,1,,,67.2,69.2,
sample_6_yes_q04,sample_6,Are four daily doses of one million IU of penicillin planned?,positive,1,1,1,62.9,69.68,63.580000000000005,68.72,0.7581120943952784
sample_6_yes_q05,sample_6,Does the patient also have a fungal infection in the mouth?,positive,1,1,1,72.96,77.6,33.72,35.72,0.0
sample_6_yes_q07,sample_6,Did the patient ask for penicillin?,positive,1,1,1,17.9,19.18,17.490000000000002,19.490000000000002,0.6400000000000006
sample_6_yes_q01,sample_6,Will the patient take Fluconazole 50 mg?,positive,1,1,1,73.52,77.6,73.39,75.39,0.4441805225653224
sample_6_hard_no_q01,sample_6,Does the patient want to avoid antibiotics?,hard_negative,0,0,1,,,17.14,19.14,
sample_6_yes_q02,sample_6,Is the patient complaining of sinus symptoms?,positive,1,1,1,9.06,12.28,33.239999999999995,35.239999999999995,0.0
sample_6_yes_q06,sample_6,Has penicillin been prescribed for seven days?,positive,1,1,1,64.18,69.68,63.72,69.72,0.9166666666666666
sample_10_hard_no_q01,sample_10,Has the doctor found the condition to be unstable?,hard_negative,0,0,1,,,37.69,39.69,
sample_10_hard_no_q04,sample_10,Did the patient report new breathing symptoms?,hard_negative,0,0,1,,,19.2,21.86,
sample_10_yes_q01,sample_10,Does the patient need continued treatment?,positive,1,1,1,63.18,64.58,62.94,64.94,0.6999999999999993
sample_10_off_topic_q02,sample_10,Did the patient mention owning a specific pet?,off_topic,0,1,0,,,0.0,1.21,
sample_10_off_topic_q01,sample_10,Was any problem with housing discussed?,off_topic,0,0,1,,,0.0,1.21,
sample_10_hard_no_q05,sample_10,Is the stomach acid medication being discontinued?,hard_negative,0,0,1,,,14.969999999999999,16.97,
sample_10_hard_no_q03,sample_10,Were abnormal sounds heard over the lungs?,hard_negative,0,0,1,,,53.540000000000006,57.08,
sample_10_yes_q02,sample_10,Were the lungs and heart normal on auscultation?,positive,1,1,1,53.76,57.56,53.540000000000006,56.08,0.5771144278606971
sample_10_yes_q03,sample_10,"Are the patient's complaints unchanged, with nothing new reported?",positive,1,1,1,22.2,23.56,19.2,23.740000000000002,0.2995594713656385
sample_10_hard_no_q02,sample_10,Does the plan include a referral to a lung specialist?,hard_negative,0,0,1,,,52.99,54.99,
sample_17_yes_q03,sample_17,Is the medicine to be taken after a meal?,positive,1,1,1,46.1,47.52,46.04,48.04,0.7100000000000009
sample_17_hard_no_q06,sample_17,Has the patient been told that the condition needs no treatment?,hard_negative,0,0,1,,,37.260000000000005,40.199999999999996,
sample_17_yes_q02,sample_17,Should the daily dose be 100 mg?,positive,1,1,1,42.84,44.42,42.120000000000005,44.58,0.6422764227642286
sample_17_hard_no_q05,sample_17,Were bacteria identified in the sample?,hard_negative,0,0,1,,,0.0,1.2,
sample_17_hard_no_q03,sample_17,Did the swab come from the throat?,hard_negative,0,0,1,,,20.96,22.96,
sample_17_hard_no_q02,sample_17,Was the prescribed dose 200 mg daily?,hard_negative,0,0,1,,,42.650000000000006,44.650000000000006,
sample_17_off_topic_q01,sample_17,Is there any mention of attending a concert?,off_topic,0,0,1,,,0.0,1.2,
sample_17_hard_no_q01,sample_17,"The treatment is planned to run for six weeks, right?",hard_negative,0,0,1,,,39.53,45.53,
sample_17_hard_no_q04,sample_17,Should the tablets be taken on an empty stomach?,hard_negative,0,0,1,,,41.42,47.4,
sample_17_yes_q01,sample_17,Will the treatment last two weeks?,positive,1,1,1,48.18,50.7,39.53,45.53,0.0
sample_18_yes_q04,sample_18,Should kidney function be monitored?,positive,1,1,1,41.82,45.58,41.980000000000004,45.559999999999995,0.9521276595744662
sample_18_off_topic_q01,sample_18,Is there any reference to the patient planning a specific fitness challenge?,off_topic,0,0,1,,,69.06,74.96,
sample_18_yes_q02,sample_18,Did the patient ask for a renewal of the Ibumetin prescription?,positive,1,1,1,17.24,18.5,67.42,71.14,0.0
sample_18_yes_q01,sample_18,Has the Ibumetin prescription been issued?,positive,1,1,1,69.38,72.04,67.42,71.14,0.3809523809523817
sample_18_yes_q07,sample_18,Is the patient also taking Pantoprazole?,positive,1,1,1,20.92,26.3,21.48,23.720000000000002,0.4163568773234205
sample_18_hard_no_q01,sample_18,Were liver values the focus of the planned blood tests?,hard_negative,0,0,1,,,77.75,79.75,
sample_18_hard_no_q02,sample_18,Should the blood pressure readings be taken at the clinic instead of at home?,hard_negative,0,0,1,,,51.769999999999996,53.769999999999996,
sample_18_yes_q06,sample_18,Will the blood tests include cholesterol and blood sugar?,positive,1,1,1,62.5,65.94,58.910000000000004,64.91,0.34281650071123737
sample_18_yes_q03,sample_18,Does the doctor consider the NSAID use long-standing and high?,positive,1,1,1,33.0,38.66,36.69,38.69,0.34622144112478026
sample_18_yes_q05,sample_18,Was blood pressure to be measured at home over three days?,positive,1,1,1,50.74,55.1,51.88,55.22,0.7187500000000002
sample_19_yes_q04,sample_19,Is the patient still being treated for asthma?,positive,1,1,1,26.3,28.12,26.34,28.34,0.872549019607844
sample_19_off_topic_q01,sample_19,Did the patient discuss baking a cake in the conversation?,off_topic,0,0,1,,,0.0,1.24,
sample_19_hard_no_q03,sample_19,Does the doctor describe the medication as unstable and in need of change?,hard_negative,0,0,1,,,43.269999999999996,45.269999999999996,
sample_19_hard_no_q01,sample_19,"Alongside asthma, is the patient treated for diabetes?",hard_negative,0,0,1,,,26.53,28.53,
sample_19_yes_q01,sample_19,Were three prescriptions renewed in total?,positive,1,1,1,68.24,71.64,65.82,71.82,0.5666666666666677
sample_19_off_topic_q02,sample_19,Did the conversation mention anything about the patient planning a trip?,off_topic,0,0,1,,,0.0,1.24,
sample_19_yes_q02,sample_19,Has Esomeprazole been renewed as well?,positive,1,0,0,68.24,71.64,70.41,72.41,0.29496402877697925
sample_19_yes_q03,sample_19,Is Airomir among the renewed medicines?,positive,1,1,1,68.24,71.64,17.59,19.59,0.0
sample_19_hard_no_q04,sample_19,Were the prescriptions stopped rather than renewed?,hard_negative,0,0,1,,,17.33,19.33,
sample_19_hard_no_q02,sample_19,Was Pantoprazole the acid-reducing drug that was renewed?,hard_negative,0,0,1,,,17.59,19.59,
sample_20_hard_no_q03,sample_20,Will the patient be referred to a pain clinic?,hard_negative,0,0,1,,,69.37,71.37,
sample_20_off_topic_q02,sample_20,Was a specific recipe or cooking activity discussed?,off_topic,0,0,1,,,0.0,1.21,
sample_20_off_topic_q01,sample_20,At any point does the patient talk about their experiences with a hobby?,off_topic,0,0,1,,,0.0,1.21,
sample_20_yes_q01,sample_20,Was Ibumetin renewed as well?,positive,1,1,1,182.44,186.3,33.99,35.99,0.0
sample_20_hard_no_q01,sample_20,Did the patient ask for morphine to be renewed?,hard_negative,0,0,1,,,33.99,35.99,
sample_20_hard_no_q02,sample_20,Does the pain affect the lower back alone?,hard_negative,0,0,1,,,143.45,145.45,
sample_20_yes_q05,sample_20,Is Pamol one of the medicines requested?,positive,1,1,1,182.44,184.98,41.22,43.22,0.0
sample_20_yes_q02,sample_20,Has the pain problem been described as stable?,positive,1,1,1,102.3,105.02,103.26,107.34,0.34920634920634697
sample_20_yes_q04,sample_20,Does the patient still need pain relief?,positive,1,1,1,105.56,107.46,168.5,172.64000000000001,0.0
sample_20_yes_q03,sample_20,Were both prescriptions issued?,positive,1,1,1,182.44,184.5,182.76,184.76,0.7500000000000061
sample_23_yes_q03,sample_23,Was a skin wart found under the right breast?,positive,1,1,1,23.12,25.66,23.07,25.87,0.9071428571428566
sample_23_yes_q05,sample_23,Has the patient been informed about the risk of scarring and infection?,positive,1,1,1,75.26,79.54,77.53,79.53,0.4672897196261681
sample_23_yes_q02,sample_23,Does the patient want the skin changes removed?,positive,1,1,1,85.28,88.5,12.8,18.8,0.0
sample_23_off_topic_q02,sample_23,Is there any mention of the patient's pet?,off_topic,0,0,1,,,0.0,1.33,
sample_23_hard_no_q01,sample_23,Has the patient been told that the procedure carries no risk of scarring?,hard_negative,0,0,1,,,77.28,79.28,
sample_23_yes_q04,sample_23,Is an appointment for the removal going to be arranged?,positive,1,1,1,90.2,92.2,68.67,70.67,0.0
sample_23_yes_q06,sample_23,Do the changes on the abdomen and lower leg resemble seborrheic keratoses?,positive,1,1,1,43.44,45.58,33.2,35.2,0.0
sample_23_yes_q01,sample_23,Were the skin changes judged to be benign?,positive,1,1,1,53.3,56.2,54.459999999999994,56.459999999999994,0.5506329113924086
sample_23_off_topic_q01,sample_23,Does the patient talk about needing a new vehicle?,off_topic,0,0,1,,,0.0,1.33,
sample_23_hard_no_q02,sample_23,Are the elements on the abdomen about 2 cm across?,hard_negative,0,0,1,,,32.81,34.81,
sample_33_yes_q06,sample_33,"The visit is a follow-up on allergic rhinitis, correct?",positive,1,1,1,13.94,17.42,14.25,16.650000000000002,0.6896551724137933
sample_33_hard_no_q01,sample_33,Does the doctor plan to refer the patient to an allergy specialist?,hard_negative,0,0,1,,,68.24000000000001,70.24000000000001,
sample_33_hard_no_q02,sample_33,Were daily doses made mandatory going forward?,hard_negative,0,0,1,,,0.0,1.2,
sample_33_off_topic_q01,sample_33,Is there any talk about the patient's recent purchase of a vehicle?,off_topic,0,0,1,,,90.05000000000001,92.05000000000001,
sample_33_yes_q02,sample_33,Is the patient free of symptoms at the moment?,positive,1,1,1,27.02,31.5,27.68,31.6,0.8340611353711788
sample_33_yes_q04,sample_33,Did the antihistamine work well?,positive,1,1,1,58.82,61.32,56.440000000000005,60.099999999999994,0.26229508196721213
sample_33_yes_q03,sample_33,Has the medication helped the patient?,positive,1,1,1,55.34,58.28,24.259999999999998,26.8,0.0
sample_33_yes_q05,sample_33,Are the findings unremarkable?,positive,1,1,1,44.86,52.62,0.0,1.2,0.0
sample_33_yes_q01,sample_33,Should the patient carry on with the treatment as needed?,positive,1,1,1,69.06,71.0,69.74000000000001,71.74000000000001,0.4701492537313387
sample_33_hard_no_q03,sample_33,Was anything abnormal picked up at the examination?,hard_negative,0,0,1,,,50.25,52.57,
sample_37_yes_q05,sample_37,Is the skin intact?,positive,1,1,1,28.5,30.0,28.47,30.47,0.75
sample_37_hard_no_q01,sample_37,Was erythema migrans seen around the bite?,hard_negative,0,0,1,,,30.97,36.94,
sample_37_hard_no_q03,sample_37,Is the risk of Borrelia considered high?,hard_negative,0,0,1,,,41.260000000000005,43.260000000000005,
sample_37_yes_q03,sample_37,Was erythema migrans absent?,positive,1,1,1,30.68,32.62,30.909999999999997,32.91,0.7668161434977593
sample_37_yes_q04,sample_37,Are redness and swelling absent?,positive,1,1,1,17.58,22.18,15.209999999999999,20.53,0.4232424677187952
sample_37_yes_q06,sample_37,"The plan involves no treatment, right?",positive,1,1,1,60.02,61.34,56.760000000000005,60.9,0.19213973799126546
sample_37_off_topic_q01,sample_37,Does the conversation indicate the patient discussed their employment as a freelancer?,off_topic,0,0,1,,,0.0,1.35,
sample_37_hard_no_q02,sample_37,Has the bite area become red and swollen?,hard_negative,0,0,1,,,21.78,23.78,
sample_37_yes_q01,sample_37,Did the patient get a tick bite?,positive,1,1,1,13.74,14.52,7.54,11.8,0.0
sample_37_yes_q02,sample_37,Has the patient been told simply to keep an eye on the area?,positive,1,1,1,56.02,59.34,21.78,23.78,0.0
sample_39_yes_q02,sample_39,Does the patient have pain in the lower back?,positive,1,1,1,22.64,23.92,22.07,24.11,0.6274509803921576
sample_39_hard_no_q04,sample_39,Has the patient been referred for surgery?,hard_negative,0,0,1,,,0.0,1.22,
sample_39_off_topic_q02,sample_39,Is the patient discussing their pet?,off_topic,0,0,1,,,0.0,1.22,
sample_39_off_topic_q01,sample_39,At any point does the patient express interest in learning digital photography techniques?,off_topic,0,0,1,,,0.0,1.22,
sample_39_yes_q04,sample_39,Was reduced mobility found during the examination?,positive,1,1,1,47.34,53.04,47.94,49.94,0.3508771929824564
sample_39_yes_q03,sample_39,Were painkillers part of the treatment plan?,positive,1,1,1,63.56,65.8,62.87,64.87,0.44709897610921584
sample_39_hard_no_q01,sample_39,Does the pain radiate down the leg?,hard_negative,0,0,1,,,25.93,29.21,
sample_39_yes_q01,sample_39,"The pain was assessed as nonspecific musculoskeletal pain, right?",positive,1,1,1,55.32,60.68,55.36,58.5,0.5858208955223883
sample_39_hard_no_q03,sample_39,Did the doctor conclude that the pain came from a herniated disc?,hard_negative,0,0,1,,,21.61,23.61,
sample_39_hard_no_q02,sample_39,Was the patient's mobility completely unaffected?,hard_negative,0,0,1,,,0.0,1.22,
sample_42_yes_q02,sample_42,Was the blood pressure measured at 135/88?,positive,1,1,1,39.16,42.54,39.0,42.599999999999994,0.9388888888888911
sample_42_yes_q07,sample_42,Did the doctor assess the patient as slightly overweight?,positive,1,1,1,62.26,65.16,62.989999999999995,64.99,0.6896551724137935
sample_42_yes_q06,sample_42,Were exercise recommendations also part of the plan?,positive,1,1,1,89.86,93.12,89.60000000000001,93.02,0.8977272727272728
sample_42_yes_q05,sample_42,Does the patient have a BMI of 28?,positive,1,1,1,56.18,58.38,56.81,58.81,0.5969581749049425
sample_42_yes_q03,sample_42,Has the patient been given advice about diet?,positive,1,1,1,89.86,91.76,90.05000000000001,92.05000000000001,0.7808219178082121
sample_42_hard_no_q02,sample_42,Did the doctor consider the patient severely obese?,hard_negative,0,0,1,,,0.0,1.5,
sample_42_yes_q01,sample_42,Is the patient feeling well?,positive,1,1,1,17.22,18.48,16.34,18.34,0.5233644859813087
sample_42_yes_q04,sample_42,"The visit was a preventive health check, correct?",positive,1,1,1,11.92,14.14,12.08,14.08,0.9009009009009007
sample_42_hard_no_q01,sample_42,Was the blood pressure 155/98?,hard_negative,0,0,1,,,38.59,40.59,
sample_42_off_topic_q01,sample_42,Does the patient talk about wanting to work part-time?,off_topic,0,0,1,,,25.305,31.305,
sample_43_yes_q02,sample_43,Does the patient have a sore throat?,positive,1,1,1,4.82,6.24,4.5600000000000005,6.5600000000000005,0.71
sample_43_hard_no_q03,sample_43,Is the infection thought to be bacterial?,hard_negative,0,1,0,,,45.29,47.29,
sample_43_yes_q05,sample_43,Did the examination find no pus in the throat?,positive,1,1,1,31.76,34.28,32.38,34.4,0.71969696969697
sample_43_off_topic_q01,sample_43,Are the speakers discussing the patient's pet?,off_topic,0,0,1,,,0.0,1.28,
sample_43_yes_q04,sample_43,Was the strep test negative?,positive,1,1,1,23.06,23.78,12.1,16.560000000000002,0.0
sample_43_yes_q01,sample_43,Is the infection considered to be viral?,positive,1,1,1,44.22,46.78,45.12,47.12,0.5724137931034499
sample_43_hard_no_q01,sample_43,Does the patient describe abdominal pain as the main problem?,hard_negative,0,0,1,,,0.0,1.28,
sample_43_hard_no_q02,sample_43,Were the tonsils covered in coatings?,hard_negative,0,0,1,,,0.0,1.28,
sample_43_yes_q03,sample_43,Has the doctor decided against antibiotics?,positive,1,1,1,59.48,63.9,57.07,63.07,0.5256222547584194
sample_43_hard_no_q04,sample_43,Did the doctor see pus in the throat?,hard_negative,0,0,1,,,32.38,34.4,
sample_47_yes_q03,sample_47,Has penicillin treatment been started?,positive,1,1,1,71.86,79.4,71.79,74.09,0.2930354796320636
sample_47_hard_no_q04,sample_47,Is the patient able to swallow without any discomfort?,hard_negative,0,0,1,,,10.45,12.45,
sample_47_hard_no_q03,sample_47,Did the doctor prescribe erythromycin?,hard_negative,0,0,1,,,0.0,1.25,
sample_47_hard_no_q01,sample_47,Does the patient complain of hoarseness as the main symptom?,hard_negative,0,0,1,,,0.0,1.25,
sample_47_hard_no_q05,sample_47,Was the patient told to manage with symptom relief only?,hard_negative,0,0,1,,,0.0,1.25,
sample_47_off_topic_q01,sample_47,Does the conversation indicate the patient discussed their desire to learn digital photography techniques?,off_topic,0,0,1,,,0.0,1.25,
sample_47_yes_q01,sample_47,Were coatings seen on the tonsils?,positive,1,1,1,25.72,28.66,25.73,28.41,0.9115646258503396
sample_47_hard_no_q06,sample_47,Has the throat problem been assessed as a viral infection?,hard_negative,0,0,1,,,54.15,56.15,
sample_47_yes_q02,sample_47,Does the patient have a sore throat?,positive,1,1,1,8.32,11.7,8.26,10.72,0.6976744186046514
sample_47_hard_no_q02,sample_47,Were the tonsils pale and free of coatings?,hard_negative,0,0,1,,,25.73,28.41,
sample_48_hard_no_q02,sample_48,Does the doctor attribute the fatigue to a thyroid disorder?,hard_negative,0,0,1,,,17.42,19.42,
sample_48_off_topic_q01,sample_48,Does the doctor ask about the patient's experience with specific technology?,off_topic,0,0,1,,,76.78999999999999,78.78999999999999,
sample_48_yes_q03,sample_48,Was the TSH normal?,positive,1,1,1,28.34,35.82,34.55,36.55,0.1546894031668701
sample_48_yes_q06,sample_48,Did the glucose test come back normal too?,positive,1,1,1,38.96,43.04,58.64,62.76,0.0
sample_48_yes_q05,sample_48,Were both blood tests within normal limits?,positive,1,1,1,41.74,44.36,40.120000000000005,44.5,0.5981735159817352
sample_48_hard_no_q01,sample_48,Is the tiredness described as brief and occasional?,hard_negative,0,0,1,,,11.190000000000001,13.190000000000001,
sample_48_yes_q04,sample_48,Has the patient been left without any specific treatment?,positive,1,1,1,77.42,81.2,77.1,79.1,0.409756097560973
sample_48_yes_q02,sample_48,Is the patient's tiredness persistent?,positive,1,1,1,11.18,18.78,16.96,18.96,0.23393316195372751
sample_48_yes_q07,sample_48,Does the doctor rule out an endocrine cause?,positive,1,1,1,48.06,52.34,49.95,51.95,0.4672897196261681
sample_48_yes_q01,sample_48,"The thyroid test gave a normal result, right?",positive,1,1,1,28.34,35.82,57.68,62.76,0.0
sample_50_yes_q04,sample_50,Are further tests needed before the diagnosis can be settled?,positive,1,1,1,60.36,69.66,59.47,61.47,0.1089303238469087
sample_50_hard_no_q01,sample_50,Does the fasting blood sugar lie at 5.0 mmol/L?,hard_negative,0,0,1,,,34.96,36.96,
sample_50_off_topic_q01,sample_50,Are the speakers discussing the patient's recent college experience?,off_topic,0,0,1,,,0.0,1.19,
sample_50_yes_q01,sample_50,"The HbA1c came out at 47 mmol/mol, right?",positive,1,1,1,39.68,43.4,40.71,42.71,0.5376344086021507
sample_50_yes_q03,sample_50,Was the patient's BMI recorded as 29?,positive,1,1,1,23.86,25.96,24.48,26.48,0.564885496183206
sample_50_hard_no_q03,sample_50,Has metformin treatment been started at this visit?,hard_negative,0,0,1,,,14.0,16.0,
sample_50_off_topic_q02,sample_50,Was the patient talking about their recent weekend?,off_topic,0,0,1,,,0.0,1.19,
sample_50_yes_q05,sample_50,Is the patient free of any symptoms at this visit?,positive,1,1,1,20.38,22.78,21.54,23.54,0.39240506329113983
sample_50_yes_q02,sample_50,Does the patient have a fasting blood sugar of 7.0 mmol/L?,positive,1,1,1,35.38,39.0,34.96,36.96,0.39108910891089077
sample_50_hard_no_q02,sample_50,Were the results enough to confirm type 2 diabetes already?,hard_negative,0,0,1,,,50.85,52.85,
sample_52_yes_q02,sample_52,Did the doctor plan continued follow-up?,positive,1,1,1,83.42,86.4,83.15,86.35,0.9015384615384593
sample_52_hard_no_q06,sample_52,Has the patient been discharged from any further follow-up?,hard_negative,0,0,1,,,84.87,86.87,
sample_52_yes_q03,sample_52,Was the patient seen as engaged during the consultation?,positive,1,0,0,59.06,62.7,60.32,62.32,0.5494505494505494
sample_52_hard_no_q05,sample_52,Does the plan involve starting insulin?,hard_negative,0,0,1,,,7.809999999999999,9.809999999999999,
sample_52_hard_no_q04,sample_52,Is the patient's grasp of the treatment considered inadequate?,hard_negative,0,0,1,,,32.599999999999994,34.599999999999994,
sample_52_hard_no_q02,sample_52,Was the patient found to be poorly motivated?,hard_negative,0,0,1,,,16.58,18.58,
sample_52_yes_q01,sample_52,"The patient understands the treatment well, right?",positive,1,1,1,70.22,75.36,49.71,52.769999999999996,0.0
sample_52_hard_no_q03,sample_52,Were the classes the patient attended about hypertension?,hard_negative,0,0,1,,,11.8,13.8,
sample_52_off_topic_q01,sample_52,Does the doctor ask about the patient's plans for the holidays?,off_topic,0,0,1,,,27.06,29.06,
sample_52_hard_no_q01,sample_52,Did the patient skip the diabetes education?,hard_negative,0,0,1,,,12.58,14.58,
sample_54_hard_no_q02,sample_54,Is the blood pressure elevated?,hard_negative,0,0,1,,,34.98,36.98,
sample_54_yes_q04,sample_54,Was the foot examination normal?,positive,1,1,1,51.62,54.6,51.84,53.86,0.6778523489932864
sample_54_off_topic_q01,sample_54,Does the patient discuss their job?,off_topic,0,0,1,,,0.0,1.2,
sample_54_hard_no_q04,sample_54,Was the patient given a pneumococcal vaccination?,hard_negative,0,0,1,,,14.27,16.27,
sample_54_hard_no_q01,sample_54,Has the diabetes become unstable?,hard_negative,0,0,1,,,20.729999999999997,22.729999999999997,
sample_54_yes_q03,sample_54,Has the patient received a flu vaccination?,positive,1,1,1,13.82,15.76,14.18,16.18,0.669491525423729
sample_54_yes_q02,sample_54,Did the plan include continued monitoring?,positive,1,1,1,80.38,82.2,80.11,82.39,0.7982456140350905
sample_54_hard_no_q03,sample_54,Does the plan involve a check-up only every second year?,hard_negative,0,0,1,,,80.11,83.95,
sample_54_off_topic_q02,sample_54,Was the doctor concerned that the patient's symptoms might be related to exposure to the dark side of the Force?,off_topic,0,0,1,,,0.0,1.2,
sample_54_yes_q01,sample_54,Does the doctor regard the diabetes as stable?,positive,1,1,1,68.74,70.98,69.19,71.19,0.7306122448979608
sample_55_yes_q02,sample_55,Does the plan include routine follow-up?,positive,1,1,1,79.42,80.84,78.57,80.57,0.5066079295154124
sample_55_hard_no_q01,sample_55,Does the plan include an urgent referral to a kidney specialist?,hard_negative,0,0,1,,,51.47,53.47,
sample_55_off_topic_q01,sample_55,Does the conversation indicate the patient was thinking about joining a hiking club?,off_topic,0,0,1,,,11.49,13.49,
sample_55_yes_q03,sample_55,Will the current treatment be continued?,positive,1,1,1,71.12,74.22,71.11,73.11,0.6398713826366544
sample_55_yes_q01,sample_55,Did the HbA1c come out at 43 mmol/mol?,positive,1,0,0,32.56,36.72,0.06000000000000005,2.06,0.0
sample_55_hard_no_q05,sample_55,Did the tests show albuminuria?,hard_negative,0,0,1,,,61.21,64.89,
sample_55_hard_no_q04,sample_55,Is the HbA1c reported as 53 mmol/mol?,hard_negative,0,0,1,,,0.0,1.41,
sample_55_hard_no_q02,sample_55,Was the creatinine found to be raised?,hard_negative,0,0,1,,,55.89,57.89,
sample_55_hard_no_q03,sample_55,Has the patient reported tiredness and thirst?,hard_negative,0,0,1,,,0.0,1.41,
sample_55_off_topic_q02,sample_55,Does the patient mention having a preference for tea?,off_topic,0,0,1,,,0.0,1.41,
sample_56_yes_q01,sample_56,Has the cause of the tiredness remained unexplained?,positive,1,1,1,61.66,64.2,56.230000000000004,58.230000000000004,0.0
sample_56_off_topic_q01,sample_56,Was the doctor asking about the patient's upcoming movie night?,off_topic,0,0,1,,,0.0,1.28,
sample_56_hard_no_q02,sample_56,Has iron treatment been started for the tiredness?,hard_negative,0,0,1,,,83.24000000000001,85.24000000000001,
sample_56_yes_q02,sample_56,Did the COVID-19 test come back negative?,positive,1,1,1,48.84,50.82,37.75,43.75,0.0
sample_56_hard_no_q04,sample_56,Was the patient's thyroid function found to be reduced?,hard_negative,0,0,1,,,44.17,46.17,
sample_56_yes_q04,sample_56,"The patient's thyroid function was checked, wasn't it?",positive,1,1,1,44.92,46.5,44.17,46.17,0.5364806866952794
sample_56_hard_no_q01,sample_56,Is the patient complaining mainly of chest pain?,hard_negative,0,0,1,,,25.37,31.37,
sample_56_hard_no_q03,sample_56,Will treatment for the fatigue begin straight away?,hard_negative,0,0,1,,,0.0,1.28,
sample_56_yes_q03,sample_56,Will further measures be held off for the time being?,positive,1,1,1,81.92,85.66,27.869999999999997,29.869999999999997,0.0
sample_56_off_topic_q02,sample_56,Are the speakers discussing the weather?,off_topic,0,0,1,,,0.0,1.28,
sample_57_yes_q05,sample_57,Will the patient continue on the current medication?,positive,1,1,1,117.6,122.54,118.005,124.005,0.7080405932864965
sample_57_yes_q07,sample_57,Is the diabetes considered stable?,positive,1,1,1,97.54,100.0,98.35,100.35,0.5871886120996487
sample_57_yes_q04,sample_57,Has the patient kept up the lifestyle changes?,positive,1,1,1,59.74,62.1,56.1,60.55,0.1349999999999992
sample_57_yes_q03,sample_57,Was it concluded that no changes to treatment are needed?,positive,1,1,1,117.6,122.54,100.09,102.09,0.0
sample_57_yes_q06,sample_57,Does the patient feel stable?,positive,1,1,1,30.06,33.8,30.29,33.989999999999995,0.8931297709923668
sample_57_off_topic_q01,sample_57,Does the doctor ask about the patient's job responsibilities?,off_topic,0,0,1,,,0.0,1.26,
sample_57_yes_q01,sample_57,Should the patient carry on with the same lifestyle?,positive,1,1,1,117.6,120.1,55.59,57.59,0.0
sample_57_hard_no_q01,sample_57,Was the patient advised to stop the current medication?,hard_negative,0,0,1,,,121.25,124.7,
sample_57_hard_no_q02,sample_57,Will the diabetes now be treated with insulin?,hard_negative,0,0,1,,,24.7,26.7,
sample_57_yes_q02,sample_57,"The patient stays on the medicine already in use, correct?",positive,1,1,1,120.9,122.54,10.27,12.27,0.0
sample_63_hard_no_q01,sample_63,Have complications of the diabetes been identified?,hard_negative,0,1,0,,,58.370000000000005,61.949999999999996,
sample_63_hard_no_q04,sample_63,Did the patient describe new episodes of dizziness?,hard_negative,0,0,1,,,20.39,22.39,
sample_63_hard_no_q02,sample_63,Is the treatment being changed to a new medication?,hard_negative,0,0,1,,,66.12,68.12,
sample_63_off_topic_q01,sample_63,Was the patient's condition described as being caused by a mysterious disturbance in the Force?,off_topic,0,0,1,,,0.0,1.44,
sample_63_hard_no_q03,sample_63,Did the blood tests show impaired kidney function?,hard_negative,0,0,1,,,47.27,49.27,
sample_63_yes_q01,sample_63,Was the diabetes control judged to be good?,positive,1,1,1,57.2,61.92,58.03,60.07,0.4322033898305084
sample_63_yes_q02,sample_63,"The lipid profile came back normal, didn't it?",positive,1,1,1,0.0,0.26,48.81,52.41,0.0
sample_63_yes_q03,sample_63,Was the HbA1c measured at 41 mmol/mol?,positive,1,1,1,36.72,41.92,38.74,40.74,0.3846153846153844
sample_63_yes_q05,sample_63,Are annual check-ups planned to continue?,positive,1,1,1,64.76,70.16,65.4,70.2,0.8749999999999987
sample_63_yes_q04,sample_63,Did the patient report no new symptoms?,positive,1,1,1,24.46,27.46,21.26,27.26,0.4516129032258066
sample_64_yes_q04,sample_64,Is dry skin the reason for this consultation?,positive,1,1,1,39.42,41.64,39.38,41.839999999999996,0.9024390243902457
sample_64_yes_q01,sample_64,Was the condition assessed as xerosis?,positive,1,1,1,72.26,73.98,72.12,74.16,0.8431372549019636
sample_64_hard_no_q01,sample_64,Did the doctor prescribe an antifungal cream?,hard_negative,0,0,1,,,88.43,90.77,
sample_64_yes_q03,sample_64,"A moisturizing cream was prescribed, wasn't it?",positive,1,1,1,88.04,91.22,88.97,90.97,0.6289308176100643
sample_64_hard_no_q03,sample_64,Were open sores found on the feet?,hard_negative,0,0,1,,,20.36,22.36,
sample_64_hard_no_q04,sample_64,Was intense itching the main complaint?,hard_negative,0,0,1,,,99.74000000000001,101.74000000000001,
sample_64_hard_no_q02,sample_64,Does the patient complain of dryness on the hands?,hard_negative,0,0,1,,,47.06,49.06,
sample_64_hard_no_q05,sample_64,Was the skin problem assessed as eczema?,hard_negative,0,0,1,,,38.83,40.83,
sample_64_yes_q02,sample_64,Did the examination rule out any wounds?,positive,1,1,1,0.0,0.16,0.0,1.24,0.12903225806451613
sample_64_off_topic_q01,sample_64,Does the patient express a desire to change their employment status?,off_topic,0,0,1,,,0.0,1.24,
sample_66_hard_no_q02,sample_66,Was the patient given a pneumococcal vaccination?,hard_negative,0,0,1,,,45.59,47.59,
sample_66_yes_q03,sample_66,Was the vaccination given as part of diabetes care?,positive,1,1,1,31.34,35.18,32.150000000000006,35.309999999999995,0.7632241813602009
sample_66_hard_no_q01,sample_66,Did a local reaction develop at the injection site?,hard_negative,0,0,1,,,97.59,99.59,
sample_66_yes_q04,sample_66,"The diabetes status was described as stable, wasn't it?",positive,1,1,1,113.08,114.86,112.71000000000001,116.41,0.4810810810810829
sample_66_hard_no_q03,sample_66,Was the patient's diabetes found to be unstable?,hard_negative,0,0,1,,,33.44,35.44,
sample_66_off_topic_q01,sample_66,Is there any reference to the patient planning to watch a specific movie?,off_topic,0,0,1,,,126.25,128.25,
sample_66_hard_no_q05,sample_66,Has follow-up been discontinued going forward?,hard_negative,0,0,1,,,125.47,127.47,
sample_66_hard_no_q04,sample_66,Did the doctor decide to adjust the diabetes medication?,hard_negative,0,0,1,,,117.83000000000001,119.83000000000001,
sample_66_yes_q02,sample_66,Is the patient free of any reaction after the injection?,positive,1,1,1,93.14,96.36,97.59,99.59,0.0
sample_66_yes_q01,sample_66,Will the treatment continue without changes?,positive,1,1,1,116.96,122.94,121.34,126.25,0.17222820236813705
sample_67_hard_no_q02,sample_67,Has the patient been referred to a dietitian?,hard_negative,0,0,1,,,0.0,1.44,
sample_67_yes_q02,sample_67,"The doctor described the diabetes as stable, right?",positive,1,1,1,70.32,72.42,70.84,72.84,0.6269841269841238
sample_67_yes_q05,sample_67,Will the treatment be continued unchanged?,positive,1,1,1,89.12,90.98,89.3,91.3,0.7706422018348681
sample_67_off_topic_q01,sample_67,Was the patient planning to cook a specific dish for dinner mentioned?,off_topic,0,0,1,,,0.0,1.44,
sample_67_yes_q04,sample_67,Is the patient's self-care considered good?,positive,1,1,1,72.78,74.44,72.31,74.31,0.7183098591549316
sample_67_hard_no_q01,sample_67,Is the diabetes described as poorly controlled?,hard_negative,0,0,1,,,70.49000000000001,72.49000000000001,
sample_67_yes_q01,sample_67,Does the patient say they are doing well?,positive,1,1,1,21.8,24.62,99.98,101.98,0.0
sample_67_yes_q06,sample_67,Is the patient sticking to the diet and lifestyle advice?,positive,1,1,1,25.36,27.72,25.509999999999998,27.509999999999998,0.8474576271186443
sample_67_yes_q07,sample_67,Has the weight remained stable?,positive,1,1,1,39.48,40.44,38.92,40.92,0.4800000000000004
sample_67_yes_q03,sample_67,Was the HbA1c 43 mmol/mol?,positive,1,1,1,51.68,55.5,52.96,54.96,0.5235602094240838
sample_69_yes_q02,sample_69,Does the patient feel well?,positive,1,1,1,30.92,33.08,28.36,30.36,0.0
sample_69_yes_q01,sample_69,Was the blood pressure normal?,positive,1,1,1,42.5,43.68,42.32,45.64,0.3554216867469878
sample_69_yes_q03,sample_69,Is the foot status normal?,positive,1,1,1,44.22,45.46,43.02,45.64,0.47328244274809284
sample_69_yes_q04,sample_69,Will the regular check-ups be continued?,positive,1,1,1,68.26,69.96,76.03,78.03,0.0
sample_69_yes_q06,sample_69,"The diabetes was judged to be stable, right?",positive,1,1,1,57.68,58.9,57.269999999999996,59.269999999999996,0.6099999999999994
sample_69_yes_q05,sample_69,Are there no signs of complications?,positive,1,1,1,59.28,60.52,58.849999999999994,60.849999999999994,0.620000000000001
sample_69_hard_no_q01,sample_69,Were wounds discovered on the feet?,hard_negative,0,0,1,,,47.480000000000004,49.480000000000004,
sample_69_off_topic_q01,sample_69,Does the patient express interest in changing their work schedule?,off_topic,0,0,1,,,72.6,74.6,
sample_69_hard_no_q02,sample_69,Is blood pressure medication being started?,hard_negative,0,0,1,,,41.879999999999995,43.879999999999995,
sample_69_hard_no_q03,sample_69,Have early complications of the diabetes been detected?,hard_negative,0,0,1,,,57.39,60.589999999999996,
sample_70_yes_q04,sample_70,"The vaccination went as planned, didn't it?",positive,1,1,1,80.46000000000001,83.34,54.96,58.019999999999996,0.0
sample_70_yes_q06,sample_70,Was the vaccine actually given?,positive,1,1,1,54.54,56.32,54.93,56.93,0.581589958158996
sample_70_hard_no_q03,sample_70,Was blood taken during the same visit?,hard_negative,0,0,1,,,122.26,127.41,
sample_70_yes_q01,sample_70,Were no further measures decided on?,positive,1,1,1,116.98,118.92,114.82000000000001,118.14,0.28292682926829227
sample_70_yes_q05,sample_70,Is this vaccination something the patient receives annually?,positive,1,1,1,19.48,25.54,21.15,25.45,0.7095709570957098
sample_70_hard_no_q01,sample_70,Was the vaccination postponed to a later date?,hard_negative,0,0,1,,,20.759999999999998,22.759999999999998,
sample_70_yes_q02,sample_70,Can the patient leave without any additional treatment?,positive,1,1,1,116.98,124.66,0.0,1.25,0.0
sample_70_off_topic_q01,sample_70,Did the patient discuss their college courses online?,off_topic,0,0,1,,,0.0,1.25,
sample_70_yes_q03,sample_70,Is the patient free of side effects after the vaccine?,positive,1,1,1,80.46000000000001,83.34,83.52000000000001,89.52000000000001,0.0
sample_70_hard_no_q02,sample_70,Is the patient asked to come back in a week for a second dose?,hard_negative,0,0,1,,,1.5399999999999996,3.5399999999999996,
sample_71_hard_no_q02,sample_71,Has the patient been troubled by increased thirst?,hard_negative,0,0,1,,,0.0,1.38,
sample_71_off_topic_q01,sample_71,Was the patient discussing their pet?,off_topic,0,0,1,,,0.0,1.38,
sample_71_yes_q03,sample_71,Did the creatinine come back normal?,positive,1,1,1,78.86,80.46,78.66,80.66,0.7999999999999972
sample_71_hard_no_q03,sample_71,Is the LDL cholesterol 4.2 mmol/L?,hard_negative,0,0,1,,,70.4,73.94,
sample_71_yes_q04,sample_71,Was the HbA1c 42 mmol/mol?,positive,1,1,1,53.7,57.78,55.120000000000005,57.120000000000005,0.49019607843137275
sample_71_hard_no_q01,sample_71,Did the creatinine turn out to be elevated?,hard_negative,0,0,1,,,78.30000000000001,80.30000000000001,
sample_71_off_topic_q02,sample_71,"According to the conversation, was a specific type of sport played by the patient discussed?",off_topic,0,0,1,,,0.0,1.38,
sample_71_yes_q05,sample_71,Are there no signs of complications?,positive,1,1,1,89.46,91.64,89.8,91.8,0.7863247863247866
sample_71_yes_q01,sample_71,Is the LDL cholesterol 2.2 mmol/L?,positive,1,1,1,70.34,74.32,70.4,73.94,0.8894472361809048
sample_71_yes_q02,sample_71,"The diabetes was described as stable, right?",positive,1,1,1,85.68,88.92,87.19,89.19,0.49287749287749527
sample_75_off_topic_q01,sample_75,Does the conversation indicate the patient uses specific software?,off_topic,0,0,1,,,0.0,1.3900000000000001,
sample_75_yes_q01,sample_75,Does the patient deny any known exposure to COVID-19?,positive,1,1,1,45.06,46.48,40.52,42.64,0.0
sample_75_yes_q02,sample_75,Is the patient also feeling tired?,positive,1,1,1,31.08,31.94,30.64,32.64,0.4300000000000015
sample_75_hard_no_q05,sample_75,Is a bacterial infection thought to be the most likely cause?,hard_negative,0,0,1,,,67.41,73.41,
sample_75_yes_q04,sample_75,Were rest and fluids recommended?,positive,1,1,1,81.4,83.6,81.82000000000001,83.86,0.7235772357723542
sample_75_hard_no_q02,sample_75,Did the patient report a known exposure to COVID-19?,hard_negative,0,0,1,,,40.52,42.64,
sample_75_hard_no_q03,sample_75,Will the patient be starting a course of antibiotics?,hard_negative,0,0,1,,,83.55,85.55,
sample_75_yes_q03,sample_75,Has the patient had a sore throat for a few days?,positive,1,1,1,29.62,35.9,29.48,33.019999999999996,0.5295950155763234
sample_75_hard_no_q04,sample_75,Was the patient found to have a fever?,hard_negative,0,0,1,,,57.11,59.11,
sample_75_hard_no_q01,sample_75,Did the throat examination reveal pronounced swelling with pus?,hard_negative,0,0,1,,,18.74,23.74,
sample_77_yes_q02,sample_77,Did the patient receive a tetanus vaccination?,positive,1,1,1,77.72,80.36,78.25,80.25,0.7575757575757575
sample_77_hard_no_q01,sample_77,Did the infection appear only two days after the injury?,hard_negative,0,0,1,,,46.69,52.69,
sample_77_off_topic_q01,sample_77,Does the patient talk about using a digital device for online shopping?,off_topic,0,0,1,,,0.0,1.54,
sample_77_yes_q03,sample_77,Was the infection judged to follow a penetrating trauma?,positive,1,1,1,49.56,52.96,46.52,48.839999999999996,0.0
sample_77_yes_q07,sample_77,Have about two weeks passed since the injury?,positive,1,1,1,16.5,17.3,15.670000000000002,17.67,0.40000000000000036
sample_77_yes_q04,sample_77,Did the trouble start after the patient pricked themselves on a thorn?,positive,1,1,1,15.14,19.3,14.75,16.75,0.35384615384615364
sample_77_hard_no_q02,sample_77,Was a foreign body found in the toe?,hard_negative,0,1,0,,,33.1,35.12,
sample_77_yes_q06,sample_77,"The patient was treated with penicillin, correct?",positive,1,1,1,67.84,69.56,67.73,69.73,0.8599999999999994
sample_77_yes_q05,sample_77,Is a foreign body ruled out?,positive,1,1,1,32.7,34.9,32.71,34.71,0.9090909090909108
sample_77_yes_q01,sample_77,Does the patient have an infection in the big toe?,positive,1,1,1,49.56,52.96,13.09,15.09,0.0
sample_79_yes_q02,sample_79,Is chondromalacia patellae suspected on clinical grounds?,positive,1,1,1,82.96,87.4,82.69,86.28999999999999,0.70700636942675
sample_79_hard_no_q03,sample_79,Has the patient been referred to a physiotherapist instead of further procedures?,hard_negative,0,0,1,,,125.61000000000001,131.61,
sample_79_off_topic_q01,sample_79,Does the patient express interest in learning Spanish?,off_topic,0,1,0,,,0.0,1.58,
sample_79_yes_q05,sample_79,Do the pains come and go rather than being constant?,positive,1,1,1,24.72,28.16,24.48,26.48,0.47826086956521785
sample_79_hard_no_q04,sample_79,Does the pain sit on the back of the thigh?,hard_negative,0,0,1,,,25.0,28.38,
sample_79_yes_q03,sample_79,Does the patient have pain behind the kneecap?,positive,1,1,1,24.72,26.9,25.0,27.18,0.772357723577235
sample_79_yes_q01,sample_79,Did the patient show up in person for the consultation?,positive,1,1,1,0.0,2.8,0.0,1.58,0.5642857142857144
sample_79_hard_no_q02,sample_79,Was the diagnosis of chondromalacia patellae confirmed by an MRI scan?,hard_negative,0,0,1,,,105.73,107.73,
sample_79_hard_no_q01,sample_79,Are the knee pains constant throughout the day?,hard_negative,0,0,1,,,22.2,25.96,
sample_79_yes_q04,sample_79,Was the suspicion reached without imaging?,positive,1,1,1,80.88,87.4,103.41,105.41,0.0
sample_81_yes_q02,sample_81,Is a viral cause thought to be the most likely explanation?,positive,1,1,1,63.88,68.32,65.21000000000001,67.21000000000001,0.4504504504504514
sample_81_hard_no_q02,sample_81,Has the patient been given antibiotics for the illness?,hard_negative,0,0,1,,,83.01,89.01,
sample_81_hard_no_q04,sample_81,Is admission to hospital part of the plan?,hard_negative,0,0,1,,,93.63,95.63,
sample_81_yes_q03,sample_81,Did the patient receive advice about fluid intake?,positive,1,1,1,86.58,89.34,87.5,89.5,0.6301369863013707
sample_81_hard_no_q01,sample_81,Is the patient complaining of chest symptoms?,hard_negative,0,0,1,,,13.27,15.27,
sample_81_yes_q01,sample_81,Does the patient describe symptoms of gastroenteritis?,positive,1,1,1,12.62,14.64,12.85,14.85,0.8026905829596415
sample_81_yes_q04,sample_81,Was gastroenteritis the diagnosis arrived at?,positive,1,1,1,63.88,68.32,12.68,14.68,0.0
sample_81_off_topic_q01,sample_81,Does the conversation indicate the patient discussed their recent purchase of groceries?,off_topic,0,0,1,,,0.0,1.74,
sample_81_hard_no_q03,sample_81,Was the patient told to restrict fluid intake?,hard_negative,0,0,1,,,87.80000000000001,89.80000000000001,
sample_81_hard_no_q05,sample_81,Was a bacterial cause considered the most likely one?,hard_negative,0,0,1,,,35.28,37.28,
sample_82_hard_no_q02,sample_82,Was the growth suspected to be a basal cell carcinoma?,hard_negative,0,0,1,,,24.09,26.09,
sample_82_hard_no_q01,sample_82,Were seven small lesions counted in the area?,hard_negative,0,0,1,,,40.82,44.379999999999995,
sample_82_off_topic_q01,sample_82,Does the patient express interest in using a particular software?,off_topic,0,0,1,,,0.0,1.19,
sample_82_hard_no_q03,sample_82,Has a cream been prescribed as the treatment?,hard_negative,0,0,1,,,71.66,73.66,
sample_82_off_topic_q02,sample_82,Did they talk about the weather being unusually hot?,off_topic,0,0,1,,,0.0,1.19,
sample_82_hard_no_q04,sample_82,Will the lesions be removed surgically?,hard_negative,0,0,1,,,40.849999999999994,42.849999999999994,
sample_82_yes_q03,sample_82,"The lesions will be treated with freezing, right?",positive,1,1,1,65.96,67.4,65.96000000000001,70.8,0.29752066115702414
sample_82_yes_q01,sample_82,Do the elements resemble molluscs?,positive,1,1,1,52.66,55.56,0.0,1.19,0.0
sample_82_yes_q02,sample_82,Has the patient noticed a wart-like growth?,positive,1,1,1,27.16,28.46,24.66,28.7,0.321782178217822
sample_82_yes_q04,sample_82,Were three small lesions seen in the same area of the thorax?,positive,1,1,1,40.24,45.36,42.67,48.67,0.3190984578884932
sample_84_hard_no_q01,sample_84,Is the check-up being done because the patient has symptoms from the heart?,hard_negative,0,0,1,,,156.16000000000003,158.16000000000003,
sample_84_hard_no_q02,sample_84,Does the patient say that exercise is something they rarely do?,hard_negative,0,0,1,,,76.12,78.12,
sample_84_off_topic_q01,sample_84,Was the patient referred to Doctor Strange for magical treatment?,off_topic,0,0,1,,,0.0,1.22,
sample_84_yes_q02,sample_84,Was it the patient's grandfather who died of a heart attack?,positive,1,1,1,20.3,23.42,20.05,23.69,0.8571428571428573
sample_84_yes_q04,sample_84,Does the patient exercise regularly?,positive,1,1,1,78.28,79.52,76.61,79.63,0.41059602649006505
sample_84_yes_q06,sample_84,Will both blood tests and an ECG be carried out?,positive,1,1,1,193.64,201.3,112.88,114.88,0.0
sample_84_yes_q05,sample_84,Was the blood pressure measured at 138 over 83?,positive,1,1,1,119.92,122.96,118.28,123.03999999999999,0.6386554621848735
sample_84_yes_q01,sample_84,Does the patient report cardiovascular disease in the family?,positive,1,1,1,27.86,31.68,28.349999999999998,30.87,0.6596858638743464
sample_84_yes_q03,sample_84,Did that grandfather die at the age of 52?,positive,1,1,1,20.3,25.38,20.05,25.53,0.9270072992700726
sample_84_yes_q07,sample_84,Is the patient otherwise healthy and living a healthy life?,positive,1,1,1,69.72,79.52,69.07,71.07,0.12918660287081282
sample_86_off_topic_q01,sample_86,Does the conversation mention a specific dish the patient plans to cook for dinner?,off_topic,0,0,1,,,111.44,113.44,
sample_86_yes_q01,sample_86,Is the patient free of fever?,positive,1,1,1,35.14,35.74,32.540000000000006,34.540000000000006,0.0
sample_86_hard_no_q03,sample_86,Is the tenderness in the area described as severe?,hard_negative,0,0,1,,,59.575,65.575,
sample_86_hard_no_q01,sample_86,Has surgery been scheduled to remove the swelling?,hard_negative,0,0,1,,,51.480000000000004,53.480000000000004,
sample_86_hard_no_q05,sample_86,Were both testicles found to be enlarged and abnormal?,hard_negative,0,0,1,,,66.32000000000001,69.66,
sample_86_hard_no_q04,sample_86,Did the patient have a fever when he came in?,hard_negative,0,0,1,,,32.540000000000006,34.540000000000006,
sample_86_yes_q03,sample_86,"Both testicles felt normal at the examination, correct?",positive,1,1,1,66.5,69.94,66.32000000000001,69.66,0.8729281767955815
sample_86_hard_no_q02,sample_86,Does the doctor suspect a testicular torsion?,hard_negative,0,0,1,,,79.56,81.56,
sample_86_hard_no_q06,sample_86,Was the swelling located on the left side of the scrotum?,hard_negative,0,0,1,,,21.97,23.97,
sample_86_yes_q02,sample_86,Was a small swelling found around the epididymis?,positive,1,1,1,50.66,54.7,51.580000000000005,54.44,0.7079207920792049
sample_90_yes_q04,sample_90,Does the doctor consider the change harmless?,positive,1,0,0,27.84,28.98,27.34,29.34,0.5700000000000003
sample_90_hard_no_q01,sample_90,Did the doctor find the change suspicious?,hard_negative,0,0,1,,,26.96,28.96,
sample_90_off_topic_q01,sample_90,Does the patient talk about their job responsibilities?,off_topic,0,0,1,,,0.0,1.26,
sample_90_yes_q03,sample_90,Did the patient notice a new mole?,positive,1,1,1,14.46,16.42,14.440000000000001,16.44,0.9800000000000004
sample_90_hard_no_q03,sample_90,Is the new mole sitting on the back?,hard_negative,0,0,1,,,14.440000000000001,16.44,
sample_90_yes_q01,sample_90,Was a photo sent in for assessment?,positive,1,1,1,10.46,12.1,9.58,11.58,0.4444444444444442
sample_90_yes_q05,sample_90,Has the doctor reviewed the photograph?,positive,1,0,0,20.08,21.92,10.05,12.05,0.0
sample_90_off_topic_q02,sample_90,Does the patient mention owning a cat?,off_topic,0,0,1,,,0.0,1.26,
sample_90_hard_no_q02,sample_90,Does the patient describe the mole as small and unchanged?,hard_negative,0,0,1,,,14.5,16.5,
sample_90_yes_q02,sample_90,Is the mole located on the thigh?,positive,1,1,1,14.46,16.42,14.879999999999999,16.88,0.636363636363638
sample_92_off_topic_q01,sample_92,At any point does the patient talk about their pet?,off_topic,0,0,1,,,0.0,1.27,
sample_92_hard_no_q02,sample_92,Has the result of the urine analysis already come back?,hard_negative,0,1,0,,,120.62,122.72,
sample_92_hard_no_q03,sample_92,Is the pulse recorded as 92?,hard_negative,0,0,1,,,80.69,82.69,
sample_92_yes_q03,sample_92,Has a urine sample been sent off for albumin/creatinine ratio analysis?,positive,1,1,1,108.62,110.98,109.72,115.72,0.17746478873239524
sample_92_yes_q02,sample_92,Does the patient work as a staff manager in a retail chain?,positive,1,1,1,74.38,78.22,74.02,77.6,0.7666666666666658
sample_92_hard_no_q04,sample_92,Are the patient's exercise habits limited to less than an hour a week?,hard_negative,0,0,1,,,65.69,71.69,
sample_92_yes_q01,sample_92,Did the patient ask to have his cholesterol level checked?,positive,1,1,1,23.24,26.38,23.08,26.5,0.9181286549707599
sample_92_off_topic_q02,sample_92,Is there any reference to the patient using specific software for work?,off_topic,0,0,1,,,73.44999999999999,75.44999999999999,
sample_92_yes_q04,sample_92,Was the previous LDL value 3.9?,positive,1,1,1,30.92,33.0,30.33,32.33,0.5280898876404478
sample_92_hard_no_q01,sample_92,Was the blood pressure measured at 160/95?,hard_negative,0,0,1,,,79.75,81.75,
sample_95_hard_no_q05,sample_95,Does the plan involve a check every third month from now on?,hard_negative,0,0,1,,,52.620000000000005,56.48,
sample_95_hard_no_q03,sample_95,Have the results of the blood tests already been gone through?,hard_negative,0,1,0,,,38.8,40.8,
sample_95_yes_q02,sample_95,Were blood tests taken at this visit?,positive,1,1,1,38.92,40.52,38.56,40.56,0.8000000000000007
sample_95_yes_q03,sample_95,Has the patient been free of side effects?,positive,1,1,1,25.52,27.76,24.93,26.93,0.4982332155477029
sample_95_off_topic_q01,sample_95,Does the patient talk about having a pet hamster?,off_topic,0,0,1,,,0.0,1.38,
sample_95_hard_no_q04,sample_95,Was the follow-up handled by telephone?,hard_negative,0,0,1,,,1.37,3.37,
sample_95_yes_q01,sample_95,"The treatment is considered well tolerated, right?",positive,1,1,1,32.22,34.26,32.400000000000006,34.459999999999994,0.8303571428571414
sample_95_hard_no_q02,sample_95,Is the treatment being stopped because it is poorly tolerated?,hard_negative,0,0,1,,,32.400000000000006,34.459999999999994,
sample_95_hard_no_q01,sample_95,Did the patient report muscle pain as a side effect?,hard_negative,0,0,1,,,24.93,26.93,
sample_95_hard_no_q06,sample_95,Has the dose been increased at this consultation?,hard_negative,0,0,1,,,0.0,1.38,
